{
    "densenet121": 0.8762500000000001,
    "resnet101": 0.8925000000000001,
    "vit_base_patch16_224": 0.8275,
    "resnet50": 0.9012499999999999
}